context_bar,question_text,answer_text
Three months in this tee. Same shape.,Do heavy tees actually hold form through a full work day?,"At 260 GSM the structure is built in, not ironed in. Mine sits the same at 9am and 9pm. No sag at the neckline, no creasing at the waist."
Worn it back to back for a week.,Does a heavier tee mean it traps heat in Indian weather?,"That was the assumption we refused to accept. The weave is engineered to breathe. Heavy hand, no sweat through. Tested it across May in Bangalore."
Stopped reaching for anything else this season.,Why pay this much for a plain tee?,"Heavier fabric, longer development, slower drops. You are buying a garment that retains shape across a hundred wears, not one that flattens after ten."
Composed, even on travel days.,Will the collar still stand after multiple washes?,"Yes. Ribbed, reinforced, finished to hold. Mine has been through twenty-plus washes. Sits the same as day one."
The drape is what sold me.,How does the Cloud Tee compare to a regular cotton tee?,"Two millimetre fluted texture, 260 GSM, structured fall. A regular tee clings and creases. This one keeps its line whether you are sitting, walking, or standing."
Wore it under a blazer all day.,Does it work for office settings or only weekends?,"Both. The Flow Tee in Supima mercerised cotton has a quiet lustre that reads polished under a jacket. Off the jacket, it still holds presence on its own."
The weight is the whole point.,Is 240 GSM too heavy for daily wear?,"240 is the considered middle. Structured enough to drape clean, breathable enough to wear through a full day. It does not feel heavy. It feels resolved."
Same tee, different weeks. Same shape.,How do I care for it so it lasts?,"Cold wash, inside out, line dry. No fabric softener. The fibre is built to hold, the routine just protects what is already there."
The fit is the quietest part of it.,Is the cut boxy or fitted?,"Classic. Sits true to the shoulder, falls clean at the hip. Not slim, not oversized. Designed to disappear from your attention once it is on."
Mercerised cotton was the upgrade I needed.,What does mercerised actually mean for a polo?,"Treated cotton fibres lock in lustre and tensile strength. The result is smoother to the touch, more colour-fast over time, and it holds shape wash after wash."
